<?xml version='1.0' encoding='UTF-8' ?>
<timeLogEntries>
  <time id="92" path="/Laboratory 3 AED/PSP0/Code" start="@1540329038579" delta="26" comment="Crear metodos de persistencia" flag="A" />
  <time id="93" path="/Laboratory 3 AED/PSP0/Code" start="@1540332213623" delta="20" comment='Implementar metodo que me permite regresar un jugador en base a su indice del txt: "getPlayer"' flag="A" />
  <time id="94" path="/Laboratory 3 AED/PSP0/Code" start="@1540334142000" delta="9" comment="Implementar el metodo que genera un reporte con los elementos de un arreglo dado de items." flag="A" />
  <time id="95" flag="D" />
  <time id="96" path="/Laboratory 3 AED/PSP0/Code" start="@1540335529601" delta="5" comment="Implementar el metodo para buscar un jugador por su nombre." flag="A" />
  <time id="97" path="/Laboratory 3 AED/PSP0/Code" start="@1540335601990" delta="4" comment="Implementar add player" flag="A" />
  <time id="98" path="/Laboratory 3 AED/PSP0/Code" start="@1540336273975" delta="7" interrupt="1" comment="Implementar add player and a new method that allows me save players in secondary memory." flag="A" />
  <time id="99" path="/Laboratory 3 AED/PSP0/Code" start="@1540336960051" delta="28" comment="implementar metodo que lee un archivo dado con los datos de los jugadores." flag="A" />
</timeLogEntries>
