<?xml version='1.0' encoding='UTF-8' ?>
<timeLogEntries>
  <time id="1" path="/Laboratory 1 AED/PSP1.1/Planning" start="@1534031164227" delta="75" interrupt="8" comment="Excel with all todo's" />
  <time id="2" path="/Laboratory 1 AED/PSP1.1/Planning" start="@1534037269817" delta="8" comment="Excel with all todo's" />
  <time id="3" path="/Laboratory 1 AED/PSP1.1/Planning" start="@1534038747689" delta="11" interrupt="3" comment="Read wording" />
  <time id="4" path="/Laboratory 1 AED/PSP1.1/Planning" start="@1534041799520" delta="22" comment="Start the analysing of context and problem description" />
  <time id="5" path="/Laboratory 1 AED/PSP1.1/Planning" start="@1534044945512" delta="48" interrupt="1" comment="Write contex and problem descrition" />
  <time id="6" path="/Laboratory 1 AED/PSP1.1/Planning" start="@1534048688708" delta="59" comment="Continue writing contex and problem description. Also, funtional requirements" />
  <time id="7" path="/Laboratory 1 AED/PSP1.1/Planning" start="@1534292323211" delta="39" interrupt="1" comment="Re organize analysis inform" />
  <time id="8" path="/Laboratory 1 AED/PSP1.1/Planning" start="@1534335756863" delta="128" interrupt="23" comment="Compare alternatives" />
  <time id="9" path="/Laboratory 1 AED/PSP1.1/Planning" start="@1534375166901" delta="37" comment="Star to thinking creative alternative with information researched " />
  <time id="10" path="/Laboratory 1 AED/PSP1.1/Planning" start="@1534377658025" delta="73" interrupt="12" comment="Select 7th principal options" />
  <time id="11" path="/Laboratory 1 AED/PSP1.1/Planning" start="@1534389968987" delta="37" comment="Continue writing 7 creative alternatives" />
  <time id="12" path="/Laboratory 1 AED/PSP1.1/Design" start="@1534462620622" delta="85" comment="Start to evaluate each creative alternative and take advantage and disadvantage" />
  <time id="13" path="/Laboratory 1 AED/PSP1.1/Design" start="@1534522759194" delta="148" comment="Start to design the class diagram" />
  <time id="14" path="/Laboratory 1 AED/PSP1.1/Design" start="@1534540873249" delta="29" comment="kept working on class diagram" />
  <time id="15" path="/Laboratory 1 AED/PSP1.1/Design" start="@1534546514502" delta="36" comment="finish class diagram" />
  <time id="15" path="/Laboratory 1 AED/PSP1.1/Design" start="@1534546514502" delta="18" comment="finish class diagram" />
  <time id="16" path="/Laboratory 1 AED/PSP1.1/Design" start="@1534739202073" delta="59" comment="finish pigeonhole pseudocode" />
  <time id="17" path="/Laboratory 1 AED/PSP1.1/Design" start="@1534739312000" delta="53" comment="finish quicksort pseudocode" />
  <time id="18" path="/Laboratory 1 AED/PSP1.1/Design" start="@1534743828600" delta="57" interrupt="4" comment="start to search radix sort" />
  <time id="19" path="/Laboratory 1 AED/PSP1.1/Design" start="@1534786918862" delta="34" comment="Kept searching for radixsort to floats" />
  <time id="20" path="/Laboratory 1 AED/PSP1.1/Design" start="@1534790111677" delta="13" comment="Finished making radixsort psuedocode" />
  <time id="21" path="/Laboratory 1 AED/PSP1.1/Design" start="@1534812244627" delta="1" />
  <time id="22" path="/Laboratory 1 AED/PSP1.1/Code" start="@1534812317795" delta="22" interrupt="4" comment="program readNumbersFile in model" />
  <time id="23" path="/Laboratory 1 AED/PSP1.1/Code" start="@1534814284743" delta="12" comment="program convertFileToFloatList" />
  <time id="24" path="/Laboratory 1 AED/PSP1.1/Code" start="@1534815325794" delta="32" comment="Keep programming convertFileToFloatList" />
  <time id="25" path="/Laboratory 1 AED/PSP1.1/Code" start="@1534894234641" delta="19" comment="Program sortedElements method" />
  <time id="26" path="/Laboratory 1 AED/PSP1.1/Code" start="@1534895752745" delta="82" interrupt="3" comment="Keep programing sortedElements" />
  <time id="27" path="/Laboratory 1 AED/PSP1.1/Design" start="@1534916353737" delta="50" comment="Finished complexies analisys of pigeonSort" />
  <time id="28" path="/Laboratory 1 AED/PSP1.1/Design" start="@1534919381114" delta="38" comment="Finished complexies analisys of RadixSort" />
  <time id="29" path="/Laboratory 1 AED/PSP1.1/Code" start="@1534920826613" delta="46" comment="Program invertedElements and" />
  <time id="30" path="/Laboratory 1 AED/PSP1.1/Code" start="@1534923726639" delta="36" comment="finish methods to generate. i was programming segmentGenerate" />
  <time id="31" path="/Laboratory 1 AED/PSP1.1/Code" start="@1534925922498" delta="28" comment="Finish radixSort method" />
  <time id="32" path="/Laboratory 1 AED/PSP1.1/Code" start="@1534927567053" delta="12" />
  <time id="33" path="/Laboratory 1 AED/PSP1.1/Design" start="@1534927938000" delta="38" comment="Pruebas unitarias" />
  <time id="34" path="/Laboratory 1 AED/PSP1.1/Code" start="@1534929136472" delta="22" />
  <time id="35" path="/Laboratory 1 AED/PSP1.1/Code" start="@1534932364913" delta="18" />
  <time id="27" path="/Laboratory 1 AED/PSP1.1/Design" start="@1534916353737" delta="25" comment="Finished complexies analisys of pigeonSort" />
  <time id="28" path="/Laboratory 1 AED/PSP1.1/Design" start="@1534919381114" delta="19" comment="Finished complexies analisys of RadixSort" />
  <time id="29" path="/Laboratory 1 AED/PSP1.1/Code" start="@1534920826613" delta="23" comment="Program invertedElements and" />
  <time id="30" path="/Laboratory 1 AED/PSP1.1/Code" start="@1534923726639" delta="18" comment="finish methods to generate. i was programming segmentGenerate" />
  <time id="31" path="/Laboratory 1 AED/PSP1.1/Code" start="@1534925922498" delta="14" comment="Finish radixSort method" />
  <time id="32" path="/Laboratory 1 AED/PSP1.1/Code" start="@1534927567053" delta="6" />
  <time id="33" path="/Laboratory 1 AED/PSP1.1/Design" start="@1534927938000" delta="19" comment="Pruebas unitarias" />
  <time id="34" path="/Laboratory 1 AED/PSP1.1/Code" start="@1534929136472" delta="11" />
  <time id="35" path="/Laboratory 1 AED/PSP1.1/Code" start="@1534932364913" delta="9" />
  <time id="37" path="/Laboratory 2 AED/PSP0/Planning" start="@1536455348314" delta="48" interrupt="7" comment="Read statement and start to identify causes and symptomps" />
  <time id="38" path="/Laboratory 2 AED/PSP0/Planning" start="@1536523306000" delta="9" interrupt="4" comment="Write causes and Symptomps" />
  <time id="39" path="/Laboratory 2 AED/PSP0/Planning" start="@1536524202939" delta="6" interrupt="18" comment="Keep writing causes and symptoms" />
  <time id="40" path="/Laboratory 2 AED/PSP0/Planning" start="@1536525786447" delta="5" interrupt="54" comment="Keep writing causes and symtomps" />
  <time id="41" path="/Laboratory 2 AED/PSP0/Planning" start="@1536529551000" delta="24" interrupt="1" comment="Star writing definition of the problem" />
  <time id="42" path="/Laboratory 2 AED/PSP0/Planning" start="@1536532760254" delta="8" interrupt="2" comment="Keep writing definition of problem" />
  <time id="43" path="/Laboratory 2 AED/PSP0/Planning" start="@1536533751723" delta="29" comment="Star writing funtional requirements" />
  <time id="44" path="/Laboratory 2 AED/PSP0/Planning" start="@1536538558086" delta="39" comment="Keep writing funtional requirements" />
  <time id="45" path="/Laboratory 2 AED/PSP0/Planning" start="@1536541481277" delta="9" comment="Star writing no funtional requiriements" />
  <time id="46" path="/Laboratory 2 AED/PSP0/Design" start="@1536543958152" delta="16" comment="Start to identy unknown concepts" />
  <time id="47" path="/Laboratory 2 AED/PSP0/Design" start="@1536548714555" delta="58" comment="Star searching information " />
  <time id="48" path="/Laboratory 2 AED/PSP0/Design" start="@1536599324251" delta="39" comment="Star searching related alternatives" />
  <time id="49" path="/Laboratory 2 AED/PSP0/Design" start="@1536602472567" delta="3" comment="Star to define an idea generation technique" />
  <time id="50" path="/Laboratory 2 AED/PSP0/Design" start="@1536603153522" delta="9" comment="Searching for ideas genertion techniques" />
  <time id="51" path="/Laboratory 2 AED/PSP0/Design" start="@1536611866956" delta="50" comment="Define my idea generation technique" />
  <time id="52" path="/Laboratory 2 AED/PSP0/Design" start="@1536615683300" delta="29" interrupt="79" comment="Generation of creative ideas" />
  <time id="53" path="/Laboratory 2 AED/PSP0/Design" start="@1537221282752" delta="7" comment="Reform idea generation of ideas" />
  <time id="54" path="/Laboratory 2 AED/PSP0/Design" start="@1537222167357" delta="21" comment="Reform idea generation of ideas" />
  <time id="55" path="/Laboratory 2 AED/PSP0/Design" start="@1537224224036" delta="123" interrupt="19" comment="Write rating alternative ideas" />
  <time id="56" path="/Laboratory 2 AED/PSP0/Design" start="@1537233738411" delta="31" comment="Write rating alternative ideas" />
  <time id="57" path="/Laboratory 2 AED/PSP0/Design" start="@1537237275109" delta="44" comment="Write Platforme alterntives" />
  <time id="58" path="/Laboratory 2 AED/PSP0/Design" start="@1537241113116" delta="78" interrupt="5" comment="Write Saint Valentine Alternatives" />
  <time id="59" path="/Laboratory 2 AED/PSP0/Design" start="@1537247626291" delta="48" interrupt="8" comment="Write Advantage and disadvantage of every idea" />
  <time id="60" path="/Laboratory 2 AED/PSP0/Design" start="@1537258005318" delta="38" comment="Write rejected Ideas" />
  <time id="61" path="/Laboratory 2 AED/PSP0/Design" start="@1537392982763" delta="39" comment="Evaluate selected idea" />
  <time id="62" path="/Laboratory 2 AED/PSP0/Design" start="@1537396473389" delta="35" interrupt="3" comment="Start Class Diagram" />
  <time id="63" path="/Laboratory 2 AED/PSP0/Design" start="@1537398822846" delta="19" comment="Keep workin on class diagram" />
  <time id="64" path="/Laboratory 2 AED/PSP0/Design" start="@1537400911789" delta="71" interrupt="1" comment="keep working on class diagram" />
  <time id="65" path="/Laboratory 2 AED/PSP0/Design" start="@1537483353649" delta="73" interrupt="3" comment="finish class diagram" />
  <time id="66" path="/Laboratory 2 AED/PSP0/Design" start="@1537490030593" delta="26" comment="Start ADT Report. add ADT HashMap" />
  <time id="67" path="/Laboratory 2 AED/PSP0/Design" start="@1537493425000" delta="30" comment="Start ADT report ADT Stack and PriorityQueue" />
  <time id="68" path="/Laboratory 2 AED/PSP0/Design" start="@1537495980528" delta="2" />
  <time id="71" path="/Laboratory 3 AED/PSP0/Planning" start="@1538784586530" delta="50" interrupt="4" comment="Identificación del problema; Definición, sintomas y causas del problema. Requerimientos, tanto funcionales como no funcionales Ademas, la creacion del reporte del metodo de la ingenieria y la redacción de lo antes mencionado." />
  <time id="72" path="/Laboratory 3 AED/PSP0/Planning" start="@1538852943414" delta="54" interrupt="8" comment="Requerimientos funcionales" />
  <time id="73" path="/Laboratory 3 AED/PSP0/Planning" start="@1538863890891" delta="46" comment="Requerimientos funcionales" />
  <time id="74" path="/Laboratory 3 AED/PSP0/Design" start="@1539734196748" delta="48" comment="Empezar diagrama de clase" />
  <time id="75" path="/Laboratory 3 AED/PSP0/Design" start="@1539805243941" delta="3" comment="Diagrama de clase" />
  <time id="76" path="/Laboratory 3 AED/PSP0/Design" start="@1539805869497" delta="4" comment="Diagrama de clase" />
  <time id="77" path="/Laboratory 3 AED/PSP0/Design" start="@1539807918560" delta="16" comment="Diagrama de clase" />
  <time id="78" path="/Laboratory 3 AED/PSP0/Design" start="@1539810380716" delta="20" comment="Diagrama de clase" />
  <time id="79" path="/Laboratory 3 AED/PSP0/Design" start="@1539812581721" delta="43" interrupt="2" comment="Diagrama de clase" />
  <time id="80" path="/Laboratory 3 AED/PSP0/Design" start="@1539816291702" delta="19" comment="Diagrama de clase" />
  <time id="81" path="/Laboratory 3 AED/PSP0/Design" start="@1539905071348" delta="17" comment="Diagrama de clase" />
  <time id="82" path="/Laboratory 3 AED/PSP0/Design" start="@1539906494935" delta="28" interrupt="1" comment="Diagrama de clase" />
  <time id="83" path="/Laboratory 3 AED/PSP0/Design" start="@1539909763226" delta="18" comment="Diagrama de clase" />
  <time id="84" path="/Laboratory 3 AED/PSP0/Design" start="@1539912037560" delta="4" comment="Diagrama de clase" />
  <time id="85" path="/Laboratory 3 AED/PSP0/Design" start="@1539913983037" delta="14" comment="Diagrama de clase" />
  <time id="86" path="/Laboratory 3 AED/PSP0/Planning" start="@1539915751505" delta="14" comment="Modificacion del reporte" />
  <time id="87" path="/Laboratory 3 AED/PSP0/Design" start="@1539916647987" delta="9" comment="Organizar el diagrama de clase del modelo del mundo en el informe" />
  <time id="88" path="/Laboratory 3 AED/PSP0/Design" start="@1539919140800" delta="9" comment="Añadir el diagrama de clase de la vista al reporte" />
  <time id="89" path="/Laboratory 3 AED/PSP0/Design" start="@1539970582961" delta="25" />
  <time id="90" path="/Laboratory 3 AED/PSP0/Code" start="@1540233045274" delta="38" interrupt="1" comment="pasar el diseño del diagrama de clase al workspace: crear clases, pasar atributos, constante, firma del metodo y comentarios." />
  <time id="91" path="/Laboratory 3 AED/PSP0/Code" start="@1540308197950" delta="95" interrupt="13" comment="pasar el diseño del diagrama de clase al workspace: crear clases, pasar atributos, constante, firma del metodo y comentarios." />
</timeLogEntries>
