<?xml version='1.0' encoding='UTF-8' ?>
<timeLogEntries>
  <time id="81" path="/Laboratory 3 AED/PSP0/Design" start="@1539905071348" delta="17" comment="Diagrama de clase" flag="A" />
  <time id="82" path="/Laboratory 3 AED/PSP0/Design" start="@1539906494935" delta="28" interrupt="1" comment="Diagrama de clase" flag="A" />
  <time id="83" path="/Laboratory 3 AED/PSP0/Design" start="@1539909763226" delta="18" comment="Diagrama de clase" flag="A" />
  <time id="84" path="/Laboratory 3 AED/PSP0/Design" start="@1539912037560" delta="4" comment="Diagrama de clase" flag="A" />
  <time id="85" path="/Laboratory 3 AED/PSP0/Design" start="@1539913983037" delta="14" comment="Diagrama de clase" flag="A" />
  <time id="86" path="/Laboratory 3 AED/PSP0/Planning" start="@1539915751505" delta="14" comment="Modificacion del reporte" flag="A" />
  <time id="72" comment="Requerimientos funcionales" flag="M" />
  <time id="73" comment="Requerimientos funcionales" flag="M" />
  <time id="87" path="/Laboratory 3 AED/PSP0/Design" start="@1539916647987" delta="9" comment="Organizar el diagrama de clase del modelo del mundo en el informe" flag="A" />
</timeLogEntries>
