<?xml version='1.0' encoding='UTF-8' ?>
<timeLogEntries>
  <time path="/Non Project/PSP for Engineers/Program 1&#10;/LAB3/LABORATORY 3/lab3" flag="R" />
  <time path="/Non Project/PSP for Engineers&#10;/LAB3/LABORATORY 3" flag="R" />
  <time path="/Non Project&#10;/LAB3" flag="R" />
  <time id="11" path="/LAB3/LABORATORY 3/lab3/Planning" start="@1538542800000" delta="1700" flag="A" />
  <time id="12" path="/LAB3/LABORATORY 3/lab3/Design" start="@1538542800000" delta="3120" flag="A" />
  <time id="13" path="/LAB3/LABORATORY 3/lab3/Code" start="@1539061200000" delta="4500" flag="A" />
  <time id="14" path="/LAB3/LABORATORY 3/lab3/Compile" start="@1539406800000" delta="1645" flag="A" />
  <time id="15" path="/LAB3/LABORATORY 3/lab3/Planning" start="@1540512725756" delta="1020" flag="A" />
  <time id="16" path="/LAB3/LABORATORY 3/lab3/Test" start="@1540512762932" delta="950" flag="A" />
</timeLogEntries>
